{"loss": 0.3199038554728031, "_timestamp": 1683896690.5677726, "_runtime": 107.2302017211914, "_step": 5, "plcc": 0.10907762958215357, "srocc": 0.13516988589678888, "krocc": 0.09317668889921626, "overall": 0.33742420437815873, "_wandb": {"runtime": 108}}