{"Train Loss": 0.02387514893806218, "Validation Loss": 0.0874151260806964, "Validation Metrics": 2.8318704069257694, " Best score": 2.8589936737339876, "_timestamp": 1683906330.691225, "_runtime": 6645.05823302269, "_step": 98}