{"loss": 1.3551602062251833, "_timestamp": 1683896546.0912094, "_runtime": 44.74935030937195, "_step": 1, "plcc": NaN, "srocc": NaN, "krocc": NaN, "overall": NaN, "_wandb": {"runtime": 49}}