{"loss": 1.3551555441154375, "_timestamp": 1683896821.1713333, "_runtime": 109.17734432220459, "_step": 5, "plcc": NaN, "srocc": NaN, "krocc": NaN, "overall": NaN, "_wandb": {"runtime": 122}}