{"Train Loss": 0.004225520997625504, "Validation Loss": 0.047893172774750456, "Validation Metrics": 2.8370515039254656, " Best score": 2.8662057438083197, "_timestamp": 1683909343.9789882, "_runtime": 2859.2351472377777, "_step": 251, "_wandb": {"runtime": 2858}}