{"Train Loss": 0.06557913021794681, "Validation Loss": 0.05429840786382556, "Validation Metrics": 2.840931903586212, " Best score": 2.8697565538796788, "_timestamp": 1683899512.7906075, "_runtime": 1091.4520795345306, "_step": 64}