{"Train Loss": 0.0182521581521322, "Validation Loss": 0.05211734306067228, "Validation Metrics": 2.8241399363569055, " Best score": 2.867447303501721, "_timestamp": 1683908965.4838665, "_runtime": 1527.2242114543915, "_step": 251, "_wandb": {"runtime": 1526}}