{"Train Loss": 0.1119793654772742, "Validation Loss": 0.04483339097350836, "Validation Metrics": {"plcc": 0.9775108131378706, "srocc": 0.9800247911459999, "krocc": 0.8976290921632571, "overall": 2.855164696447128}, "_timestamp": 1683898240.3649528, "_runtime": 265.2793447971344, "_step": 17}