{"loss": 1.3551602062251833, "_timestamp": 1683896911.3080206, "_runtime": 40.84515953063965, "_step": 1, "plcc": NaN, "srocc": NaN, "krocc": NaN, "overall": NaN, "_wandb": {"runtime": 51}}