{"Train Loss": 0.029133226915166295, "Validation Loss": 0.03577652107924223, "Validation Metrics": {"plcc": 0.9795927245772007, "srocc": 0.9812397699894272, "krocc": 0.9005387488639485, "overall": 2.8613712434305762}, "_timestamp": 1683897708.77359, "_runtime": 1139.5101599693298, "_step": 107}