{"loss": 0.045902118664234874, "_timestamp": 1683895845.6659253, "_runtime": 166.3741843700409, "_step": 6, "plcc": 0.7141274440287132, "srocc": 0.7141127592210937, "krocc": 0.5382548128353778, "overall": 1.9664950160851848, "_wandb": {"runtime": 173}}