{"loss": 0.700707905292511, "_timestamp": 1683897327.4019458, "_runtime": 384.91539573669434, "_step": 21, "plcc": 0.03366457118796762, "srocc": 0.14019554854342953, "krocc": 0.09607551922052522, "overall": 0.26993563895192235, "_wandb": {"runtime": 392}}