{"loss": 0.6152813243865967, "_timestamp": 1683896244.3664138, "_runtime": 346.8899357318878, "_step": 25, "plcc": NaN, "srocc": NaN, "krocc": NaN, "overall": NaN, "_wandb": {"runtime": 351}}