{"Train Loss": 0.010878543803018743, "Validation Loss": 0.06056373193860054, "Validation Metrics": 2.84823243941114, " Best score": 2.880333689394311, "_timestamp": 1683907126.7738314, "_runtime": 2670.7589604854584, "_step": 251, "_wandb": {"runtime": 2669}}